{
  "accuracy": 0.6814814814814815,
  "precision": 0.7735849056603774,
  "recall": 0.5694444444444444,
  "confusion_matrix": [
    [
      102,
      24
    ],
    [
      62,
      82
    ]
  ]
}